Angel,Pagan
Buster,Posey
Marlon,Byrd
Brandon,Crawford
Kevin,Frandsen
Gregor,Blanco
Brandon,Belt
Ehire,Adrianza
Hunter,Pence
Casey,McGehee
Justin,Maxwell
Pablo,Sandoval
Tyler,Colvin
Michael,Morse
Dan,Uggla
Brandon,Hicks
Hector,Sanchez
Marco,Scutaro
Brett,Pill
Andres,Torres
Cole,Gillespie
Xavier,Nady
Ryan,Theriot
Melky,Cabrera
Nate,Schierholtz
Jeff,Keppinger
Carlos,Beltran
Mark,DeRosa
Aubrey,Huff
Chris,Stewart
Cody,Ross
Mike,Fontenot
Aaron,Rowand
Freddy,Sanchez
Pat,Burrell
Miguel,Tejada
Juan,Uribe
Joaquin,Arias
